"id	",y,,Survived
1,0.75,,0
2,0.75,,1
3,0.8,,1
4,0.8,,1
5,0.9,,1
6,0.111111111,,1
7,0.25,,0
8,0.235294118,,0
9,0.092307692,,0
10,0,,0
11,0,,1
12,0.8,,1
13,0.8,,1
14,0.092307692,,1
15,0.9,,1
16,0.235294118,,0
17,1,,1
18,0.75,,0
19,0.111111111,,0
20,1,,1
